Id,UserName,Description,Show,Posted Date,IPAddress
2,Vic,ghj,False,13.06.2014 11:28:04,127.0.0.1
3,ljk,kok,True,13.06.2014 11:31:33,127.0.0.1
4,ljk,kok,True,13.06.2014 11:31:50,127.0.0.1
5,ljk,kok,True,13.06.2014 11:31:52,127.0.0.1
7,iuiu,87,True,13.06.2014 11:32:03,127.0.0.1
8,77,88,True,13.06.2014 11:32:09,127.0.0.1
9,Sam,Vinchester,True,13.06.2014 11:32:10,127.0.0.1
10,ljk,",mk,",True,13.06.2014 11:34:00,127.0.0.1
11,uyrury,uyr,True,13.06.2014 11:41:07,127.0.0.1
12,sam,whant med,True,13.06.2014 11:42:06,127.0.0.1
13,"","",True,13.06.2014 13:10:50,127.0.0.1
14,"","",True,13.06.2014 13:22:05,127.0.0.1
15,Finish,At,True,13.06.2014 18:37:34,127.0.0.1
16,Turn off,In,True,13.06.2014 18:38:10,127.0.0.1
17,Victor,Українська,False,15.06.2014 20:53:33,127.0.0.1
18,Putin,DickHead,True,16.06.2014 12:54:41,127.0.0.1
